{
	"info": {
		"_postman_id": "e4489886-bf28-48ca-b274-93b2e36966a3",
		"name": "Todo server",
		"schema": "https://schema.getpostman.com/json/collection/v2.1.0/collection.json"
	},
	"item": [
		{
			"name": "TODO",
			"item": [
				{
					"name": "Create Todo",
					"request": {
						"method": "POST",
						"header": [
							{
								"key": "Content-Type",
								"value": "application/json"
							},
							{
								"key": "Authorization",
								"value": "Bearer {{_token}}"
							}
						],
						"body": {
							"mode": "raw",
							"raw": "{\n\t\"name\": \"First group 0000\",\n\t\"description\": \"Some text\"\n}",
							"options": {
								"raw": {}
							}
						},
						"url": {
							"raw": "{{host}}/todo",
							"host": [
								"{{host}}"
							],
							"path": [
								"todo"
							]
						}
					},
					"response": []
				},
				{
					"name": "Set status Todo by Id",
					"request": {
						"method": "PUT",
						"header": [
							{
								"key": "Content-Type",
								"value": "application/json"
							},
							{
								"key": "Authorization",
								"value": "Bearer {{_token}}"
							}
						],
						"body": {
							"mode": "raw",
							"raw": "{\n\t\"done\": false\n}",
							"options": {
								"raw": {}
							}
						},
						"url": {
							"raw": "{{host}}/todo/5bc9653573011cdfd2f39158",
							"host": [
								"{{host}}"
							],
							"path": [
								"todo",
								"5bc9653573011cdfd2f39158"
							]
						}
					},
					"response": []
				},
				{
					"name": "Edit Todo",
					"request": {
						"method": "PATCH",
						"header": [
							{
								"key": "Content-Type",
								"value": "application/json"
							},
							{
								"key": "Authorization",
								"value": "Bearer {{_token}}"
							}
						],
						"body": {
							"mode": "raw",
							"raw": "{\n\t\"name\": \"----31111-----\",\n\t\"description\": \"-----------\"\n}",
							"options": {
								"raw": {}
							}
						},
						"url": {
							"raw": "{{host}}/todo/5eee4ba31ae8cc7d03444277",
							"host": [
								"{{host}}"
							],
							"path": [
								"todo",
								"5eee4ba31ae8cc7d03444277"
							]
						}
					},
					"response": []
				},
				{
					"name": "Delete Todo",
					"request": {
						"method": "DELETE",
						"header": [
							{
								"key": "Content-Type",
								"value": "application/json"
							},
							{
								"key": "Authorization",
								"value": "Bearer {{_token}}"
							}
						],
						"body": {
							"mode": "raw",
							"raw": "",
							"options": {
								"raw": {}
							}
						},
						"url": {
							"raw": "{{host}}/todo/5ee6d39241e562affd941580",
							"host": [
								"{{host}}"
							],
							"path": [
								"todo",
								"5ee6d39241e562affd941580"
							]
						}
					},
					"response": []
				},
				{
					"name": "Get all Todos",
					"request": {
						"method": "GET",
						"header": [
							{
								"key": "Content-Type",
								"value": "application/json"
							}
						],
						"url": {
							"raw": "{{host}}/todo",
							"host": [
								"{{host}}"
							],
							"path": [
								"todo"
							]
						}
					},
					"response": []
				},
				{
					"name": "Get Todo by id",
					"request": {
						"method": "GET",
						"header": [
							{
								"key": "Content-Type",
								"value": "application/json"
							}
						],
						"url": {
							"raw": "{{host}}/todo/5eee4ba31ae8cc7d03444277",
							"host": [
								"{{host}}"
							],
							"path": [
								"todo",
								"5eee4ba31ae8cc7d03444277"
							]
						}
					},
					"response": []
				}
			],
			"event": [
				{
					"listen": "prerequest",
					"script": {
						"id": "4bb04abf-20bd-4b45-b61b-6c749fa0a7e0",
						"type": "text/javascript",
						"exec": [
							""
						]
					}
				},
				{
					"listen": "test",
					"script": {
						"id": "efb8100f-434b-439f-a26c-d9c76a227faf",
						"type": "text/javascript",
						"exec": [
							""
						]
					}
				}
			],
			"protocolProfileBehavior": {}
		},
		{
			"name": "INFO",
			"item": [
				{
					"name": "Info",
					"request": {
						"method": "GET",
						"header": [
							{
								"key": "Content-Type",
								"value": "application/json"
							}
						],
						"url": {
							"raw": "{{host}}/info",
							"host": [
								"{{host}}"
							],
							"path": [
								"info"
							]
						}
					},
					"response": []
				}
			],
			"event": [
				{
					"listen": "prerequest",
					"script": {
						"id": "6b0d3447-2b46-4bd4-9c44-427c5659fa4e",
						"type": "text/javascript",
						"exec": [
							""
						]
					}
				},
				{
					"listen": "test",
					"script": {
						"id": "ae02d678-52b1-4c69-bf2e-6d0949c058d9",
						"type": "text/javascript",
						"exec": [
							""
						]
					}
				}
			],
			"protocolProfileBehavior": {}
		}
	],
	"event": [
		{
			"listen": "prerequest",
			"script": {
				"id": "a6350efd-0332-427e-905f-e01e088e12ca",
				"type": "text/javascript",
				"exec": [
					""
				]
			}
		},
		{
			"listen": "test",
			"script": {
				"id": "97e31d3d-48a9-4990-929e-6454725f771f",
				"type": "text/javascript",
				"exec": [
					""
				]
			}
		}
	],
	"protocolProfileBehavior": {}
}